INSERT INTO O_OBJ VALUES ( "00000000-0000-0000-0000-000000000012",'Flasher',1,'Flasher','',"00000000-0000-0000-0000-000000000000" );
INSERT INTO O_ATTR VALUES ( "00000000-0000-0000-0000-000000000013","00000000-0000-0000-0000-000000000012","00000000-0000-0000-0000-000000000000",'current_state','','','current_state',0,"00000000-0000-0000-0000-000000000014",'','' );
INSERT INTO O_ID VALUES ( 0,"00000000-0000-0000-0000-000000000012" );
INSERT INTO O_ID VALUES ( 1,"00000000-0000-0000-0000-000000000012" );
INSERT INTO O_ID VALUES ( 2,"00000000-0000-0000-0000-000000000012" );
INSERT INTO O_BATTR VALUES ( "00000000-0000-0000-0000-000000000013","00000000-0000-0000-0000-000000000012" );
INSERT INTO O_NBATTR VALUES ( "00000000-0000-0000-0000-000000000013","00000000-0000-0000-0000-000000000012" );
INSERT INTO S_CDT VALUES ( "00000000-0000-0000-0000-000000000005",0 );
INSERT INTO S_CDT VALUES ( "00000000-0000-0000-0000-000000000043",1 );
INSERT INTO S_CDT VALUES ( "00000000-0000-0000-0000-000000000007",2 );
INSERT INTO S_CDT VALUES ( "00000000-0000-0000-0000-000000000044",3 );
INSERT INTO S_CDT VALUES ( "00000000-0000-0000-0000-000000000045",4 );
INSERT INTO S_CDT VALUES ( "00000000-0000-0000-0000-000000000046",5 );
INSERT INTO S_CDT VALUES ( "00000000-0000-0000-0000-000000000014",6 );
INSERT INTO S_CDT VALUES ( "00000000-0000-0000-0000-000000000047",7 );
INSERT INTO S_CDT VALUES ( "00000000-0000-0000-0000-00000000003c",8 );
INSERT INTO S_CDT VALUES ( "00000000-0000-0000-0000-000000000048",9 );
INSERT INTO S_CDT VALUES ( "00000000-0000-0000-0000-000000000049",10 );
INSERT INTO S_CDT VALUES ( "00000000-0000-0000-0000-00000000004a",11 );
INSERT INTO S_CDT VALUES ( "00000000-0000-0000-0000-00000000004b",12 );
INSERT INTO S_CDT VALUES ( "00000000-0000-0000-0000-00000000004c",13 );
INSERT INTO S_UDT VALUES ( "00000000-0000-0000-0000-00000000004d","00000000-0000-0000-0000-00000000004a",1,'' );
INSERT INTO S_UDT VALUES ( "00000000-0000-0000-0000-00000000004e","00000000-0000-0000-0000-00000000004b",3,'' );
INSERT INTO S_UDT VALUES ( "00000000-0000-0000-0000-00000000004f","00000000-0000-0000-0000-000000000007",2,'' );
INSERT INTO S_BRG VALUES ( "00000000-0000-0000-0000-000000000004","00000000-0000-0000-0000-000000000003",'display','',0,"00000000-0000-0000-0000-000000000005",'',1,'',0 );
INSERT INTO S_BRG VALUES ( "00000000-0000-0000-0000-00000000000a","00000000-0000-0000-0000-000000000003",'TurnOffLED','',0,"00000000-0000-0000-0000-000000000005",'',1,'',0 );
INSERT INTO S_BRG VALUES ( "00000000-0000-0000-0000-00000000000d","00000000-0000-0000-0000-000000000003",'TurnOnLED','',0,"00000000-0000-0000-0000-000000000005",'',1,'',0 );
INSERT INTO S_BPARM VALUES ( "00000000-0000-0000-0000-000000000006","00000000-0000-0000-0000-000000000004",'string',"00000000-0000-0000-0000-000000000007",0,'',"00000000-0000-0000-0000-000000000000",'' );
INSERT INTO EP_PKG VALUES ( "00000000-0000-0000-0000-000000000002","00000000-0000-0000-0000-000000000001","00000000-0000-0000-0000-000000000001",'Blink','',0 );
INSERT INTO EP_PKG VALUES ( "00000000-0000-0000-0000-000000000011","00000000-0000-0000-0000-000000000000","00000000-0000-0000-0000-000000000001",'Blink','',0 );
INSERT INTO EP_PKG VALUES ( "00000000-0000-0000-0000-000000000035","00000000-0000-0000-0000-000000000000","00000000-0000-0000-0000-000000000001",'functions','',0 );
INSERT INTO S_SYNC VALUES ( "00000000-0000-0000-0000-000000000036","00000000-0000-0000-0000-000000000000",'ArduinoTime','','select any led from instances of Flasher;
generate Flasher2:''TimePass'' to led;',"00000000-0000-0000-0000-000000000005",1,'',0 );
INSERT INTO S_SYNC VALUES ( "00000000-0000-0000-0000-00000000003d","00000000-0000-0000-0000-000000000000",'setup','','create object instance led of Flasher;
generate Flasher1:''StartUp'' to led;',"00000000-0000-0000-0000-000000000005",1,'',0 );
INSERT INTO S_SYS VALUES ( "00000000-0000-0000-0000-000000000001",'MyBlink',1 );
INSERT INTO TE_SYS VALUES ( 1,'','',32,0,0,0,0,0,0,0,0,0,0,0,0,0,128,128,0,0,'','MyBlink','sc_interface',0,0,0,0,0,"00000000-0000-0000-0000-000000000001" );
INSERT INTO TE_DISP VALUES ( 1,1,'main','dispatcher','','' );
INSERT INTO TE_QUEUE VALUES ( 1,1,1,'Self Queue',0,0 );
INSERT INTO TE_QUEUE VALUES ( 2,1,2,'NonSelf Queue',0,0 );
INSERT INTO TE_ABA VALUES ( "00000000-0000-0000-0000-00000000004c",'S_SYNC',"00000000-0000-0000-0000-00000000001a",0,1,1,' void ','','','','','','','','','','Blink_setup','void',0,"00000000-0000-0000-0000-000000000000",'','  Blink_Flasher * led;
  /* CREATE OBJECT INSTANCE led OF Flasher */
  XTUML_OAL_STMT_TRACE( 1, "CREATE OBJECT INSTANCE led OF Flasher" );
  led = (Blink_Flasher *) Escher_CreateInstance( Blink_DOMAIN_ID, Blink_Flasher_CLASS_NUMBER );
  /* GENERATE Flasher1:StartUp() TO led */
  XTUML_OAL_STMT_TRACE( 1, "GENERATE Flasher1:StartUp() TO led" );
  { Escher_xtUMLEvent_t * e = Escher_NewxtUMLEvent( led, &Blink_Flasherevent1c );
    Escher_SendEvent( e );
  }
' );
INSERT INTO TE_ABA VALUES ( "00000000-0000-0000-0000-00000000004d",'S_SYNC',"00000000-0000-0000-0000-00000000001a",0,1,1,' void ','','','','','','','','','','Blink_ArduinoTime','void',0,"00000000-0000-0000-0000-000000000000",'','  Blink_Flasher * led=0;
  /* SELECT any led FROM INSTANCES OF Flasher */
  XTUML_OAL_STMT_TRACE( 1, "SELECT any led FROM INSTANCES OF Flasher" );
  led = (Blink_Flasher *) Escher_SetGetAny( &pG_Blink_Flasher_extent.active );
  /* GENERATE Flasher2:TimePass() TO led */
  XTUML_OAL_STMT_TRACE( 1, "GENERATE Flasher2:TimePass() TO led" );
  { Escher_xtUMLEvent_t * e = Escher_NewxtUMLEvent( led, &Blink_Flasherevent2c );
    Escher_SendEvent( e );
  }
' );
INSERT INTO TE_ABA VALUES ( "00000000-0000-0000-0000-000000000052",'SM_ACT',"00000000-0000-0000-0000-00000000001a",0,0,1,' void ','','','','','','','','','','Blink_Flasher_act1','void',0,"00000000-0000-0000-0000-000000000000",'','' );
INSERT INTO TE_ABA VALUES ( "00000000-0000-0000-0000-000000000055",'SM_ACT',"00000000-0000-0000-0000-00000000001a",0,0,1,' void ','','','','','','','','','','Blink_Flasher_act2','void',0,"00000000-0000-0000-0000-000000000000",'','  /* BlinkEE::TurnOnLED(  ) */
  XTUML_OAL_STMT_TRACE( 1, "BlinkEE::TurnOnLED(  )" );
  BlinkEE_TurnOnLED();
' );
INSERT INTO TE_ABA VALUES ( "00000000-0000-0000-0000-000000000058",'SM_ACT',"00000000-0000-0000-0000-00000000001a",0,0,1,' void ','','','','','','','','','','Blink_Flasher_act3','void',0,"00000000-0000-0000-0000-000000000000",'','  /* BlinkEE::TurnOffLED(  ) */
  XTUML_OAL_STMT_TRACE( 1, "BlinkEE::TurnOffLED(  )" );
  BlinkEE_TurnOffLED();
' );
INSERT INTO TE_ABA VALUES ( "00000000-0000-0000-0000-00000000005c",'S_BRG',"00000000-0000-0000-0000-000000000000",0,0,1,' const i_t ',' const i_t p_string ','i_t p_string;
',', p_string','%d',' p_string','','    e->p_string = p_string;','    e->p_string = p_string;','','BlinkEE_display','void',0,"00000000-0000-0000-0000-000000000000",'','' );
INSERT INTO TE_ABA VALUES ( "00000000-0000-0000-0000-00000000005e",'S_BRG',"00000000-0000-0000-0000-000000000000",0,0,1,' void ','','','','','','','','','','BlinkEE_TurnOffLED','void',0,"00000000-0000-0000-0000-000000000000",'','' );
INSERT INTO TE_ABA VALUES ( "00000000-0000-0000-0000-000000000060",'S_BRG',"00000000-0000-0000-0000-000000000000",0,0,1,' void ','','','','','','','','','','BlinkEE_TurnOnLED','void',0,"00000000-0000-0000-0000-000000000000",'','' );
INSERT INTO TE_C VALUES ( "00000000-0000-0000-0000-00000000001a",'Blink','',0,1,1,1,0,0,1,0,'Blink_classes',10,0,0,0,1,0,0,0,0,0,'Blink',1,1,0,1,"00000000-0000-0000-0000-000000000000","00000000-0000-0000-0000-000000000010","00000000-0000-0000-0000-000000000000","00000000-0000-0000-0000-000000000031",'','','"Flasher"',"00000000-0000-0000-0000-00000000002d" );
INSERT INTO TE_EE VALUES ( 'BlinkEE','BlinkEE','BlinkEE','',1,'BlinkEE_bridge','BlinkEE_bridge.h',0,"00000000-0000-0000-0000-000000000000","00000000-0000-0000-0000-000000000003","00000000-0000-0000-0000-000000000033","00000000-0000-0000-0000-000000000000" );
INSERT INTO TE_DT VALUES ( "00000000-0000-0000-0000-00000000001c",'timestamp',2,0,'Escher_TimeStamp_t','MyBlink_sys_types.h','CTOR','',0,'MyBlink','%d',0,"00000000-0000-0000-0000-000000000000","00000000-0000-0000-0000-00000000004f" );
INSERT INTO TE_DT VALUES ( "00000000-0000-0000-0000-00000000001d",'inst_ref<Timer>',12,0,'Escher_Timer_t','MyBlink_sys_types.h','0','',0,'MyBlink','%d',0,"00000000-0000-0000-0000-000000000000","00000000-0000-0000-0000-00000000004e" );
INSERT INTO TE_DT VALUES ( "00000000-0000-0000-0000-00000000001e",'date',11,0,'Escher_Date_t','MyBlink_sys_types.h','CTOR','',0,'MyBlink','%d',0,"00000000-0000-0000-0000-000000000000","00000000-0000-0000-0000-00000000004d" );
INSERT INTO TE_DT VALUES ( "00000000-0000-0000-0000-00000000001f",'component_ref',13,0,'','MyBlink_sys_types.h','','',0,'MyBlink','%x',0,"00000000-0000-0000-0000-000000000000","00000000-0000-0000-0000-00000000004c" );
INSERT INTO TE_DT VALUES ( "00000000-0000-0000-0000-000000000020",'inst_ref<Mapping>',12,0,'i_t','MyBlink_sys_types.h','0','',0,'MyBlink','%d',0,"00000000-0000-0000-0000-000000000000","00000000-0000-0000-0000-00000000004b" );
INSERT INTO TE_DT VALUES ( "00000000-0000-0000-0000-000000000021",'inst<Mapping>',11,0,'','MyBlink_sys_types.h','','',0,'MyBlink','%d',0,"00000000-0000-0000-0000-000000000000","00000000-0000-0000-0000-00000000004a" );
INSERT INTO TE_DT VALUES ( "00000000-0000-0000-0000-000000000022",'inst<Event>',10,0,'Escher_xtUMLEvent_t *','MyBlink_sys_types.h','0','',0,'MyBlink','%p',0,"00000000-0000-0000-0000-000000000000","00000000-0000-0000-0000-000000000049" );
INSERT INTO TE_DT VALUES ( "00000000-0000-0000-0000-000000000023",'inst_ref_set<Object>',9,0,'Escher_ObjectSet_s *','MyBlink_sys_types.h','','',0,'MyBlink','%p',0,"00000000-0000-0000-0000-000000000000","00000000-0000-0000-0000-000000000048" );
INSERT INTO TE_DT VALUES ( "00000000-0000-0000-0000-000000000024",'inst_ref<Object>',8,0,'void *','MyBlink_sys_types.h','','',0,'MyBlink','%p',0,"00000000-0000-0000-0000-000000000000","00000000-0000-0000-0000-00000000003c" );
INSERT INTO TE_DT VALUES ( "00000000-0000-0000-0000-000000000025",'same_as<Base_Attribute>',7,0,'','MyBlink_sys_types.h','','',0,'MyBlink','%p',0,"00000000-0000-0000-0000-000000000000","00000000-0000-0000-0000-000000000047" );
INSERT INTO TE_DT VALUES ( "00000000-0000-0000-0000-000000000026",'state<State_Model>',6,0,'','MyBlink_sys_types.h','','',0,'MyBlink','%d',0,"00000000-0000-0000-0000-000000000000","00000000-0000-0000-0000-000000000014" );
INSERT INTO TE_DT VALUES ( "00000000-0000-0000-0000-000000000027",'unique_id',5,0,'Escher_UniqueID_t','MyBlink_sys_types.h','0','',0,'MyBlink','%s',0,"00000000-0000-0000-0000-000000000000","00000000-0000-0000-0000-000000000046" );
INSERT INTO TE_DT VALUES ( "00000000-0000-0000-0000-000000000028",'string',4,0,'c_t','MyBlink_sys_types.h','CTOR','',0,'MyBlink','%s',0,"00000000-0000-0000-0000-000000000000","00000000-0000-0000-0000-000000000045" );
INSERT INTO TE_DT VALUES ( "00000000-0000-0000-0000-000000000029",'real',3,0,'r_t','MyBlink_sys_types.h','0.0','',0,'MyBlink','%f',0,"00000000-0000-0000-0000-000000000000","00000000-0000-0000-0000-000000000044" );
INSERT INTO TE_DT VALUES ( "00000000-0000-0000-0000-00000000002a",'integer',2,1,'i_t','MyBlink_sys_types.h','0','',0,'MyBlink','%d',0,"00000000-0000-0000-0000-000000000000","00000000-0000-0000-0000-000000000007" );
INSERT INTO TE_DT VALUES ( "00000000-0000-0000-0000-00000000002b",'boolean',1,0,'bool','MyBlink_sys_types.h','false','',0,'MyBlink','%d',0,"00000000-0000-0000-0000-000000000000","00000000-0000-0000-0000-000000000043" );
INSERT INTO TE_DT VALUES ( "00000000-0000-0000-0000-00000000002c",'void',0,0,'void','MyBlink_sys_types.h','0','',0,'MyBlink','',0,"00000000-0000-0000-0000-000000000000","00000000-0000-0000-0000-000000000005" );
INSERT INTO TE_ACT VALUES ( "00000000-0000-0000-0000-000000000052",'Blink_Flasher_act1',0,"00000000-0000-0000-0000-000000000015","00000000-0000-0000-0000-000000000019" );
INSERT INTO TE_ACT VALUES ( "00000000-0000-0000-0000-000000000055",'Blink_Flasher_act2',0,"00000000-0000-0000-0000-000000000015","00000000-0000-0000-0000-00000000001e" );
INSERT INTO TE_ACT VALUES ( "00000000-0000-0000-0000-000000000058",'Blink_Flasher_act3',0,"00000000-0000-0000-0000-000000000015","00000000-0000-0000-0000-000000000024" );
INSERT INTO TE_SYNC VALUES ( 'setup',0,1,0,1,0,"00000000-0000-0000-0000-00000000004c",'Blink_setup','Blink_setup','Blink_setup_deferred',"00000000-0000-0000-0000-00000000001a","00000000-0000-0000-0000-00000000003d","00000000-0000-0000-0000-00000000002f","00000000-0000-0000-0000-000000000000" );
INSERT INTO TE_SYNC VALUES ( 'ArduinoTime',0,0,0,1,0,"00000000-0000-0000-0000-00000000004d",'Blink_ArduinoTime','Blink_ArduinoTime','Blink_ArduinoTime_deferred',"00000000-0000-0000-0000-00000000001a","00000000-0000-0000-0000-000000000036","00000000-0000-0000-0000-000000000031","00000000-0000-0000-0000-00000000002f" );
INSERT INTO TE_BRG VALUES ( 'BlinkEE','BlinkEE','display','BlinkEE_display',"00000000-0000-0000-0000-00000000005c","00000000-0000-0000-0000-000000000004","00000000-0000-0000-0000-000000000003" );
INSERT INTO TE_BRG VALUES ( 'BlinkEE','BlinkEE','TurnOffLED','BlinkEE_TurnOffLED',"00000000-0000-0000-0000-00000000005e","00000000-0000-0000-0000-00000000000a","00000000-0000-0000-0000-000000000003" );
INSERT INTO TE_BRG VALUES ( 'BlinkEE','BlinkEE','TurnOnLED','BlinkEE_TurnOnLED',"00000000-0000-0000-0000-000000000060","00000000-0000-0000-0000-00000000000d","00000000-0000-0000-0000-000000000003" );
INSERT INTO TE_PARM VALUES ( 'A0xtumlsret','',0,'','',"00000000-0000-0000-0000-000000000034","00000000-0000-0000-0000-000000000000",'A0xtumlsret',0,"00000000-0000-0000-0000-000000000028",1,"00000000-0000-0000-0000-000000000000",'[ESCHER_SYS_MAX_STRING_LEN]',"00000000-0000-0000-0000-000000000000","00000000-0000-0000-0000-000000000000","00000000-0000-0000-0000-000000000000","00000000-0000-0000-0000-000000000000","00000000-0000-0000-0000-000000000000","00000000-0000-0000-0000-000000000000","00000000-0000-0000-0000-000000000000" );
INSERT INTO TE_PARM VALUES ( 'string','',0,'','',"00000000-0000-0000-0000-000000000035","00000000-0000-0000-0000-000000000000",'p_string',0,"00000000-0000-0000-0000-00000000002a",0,"00000000-0000-0000-0000-000000000000",'',"00000000-0000-0000-0000-00000000005c","00000000-0000-0000-0000-000000000000","00000000-0000-0000-0000-000000000000","00000000-0000-0000-0000-000000000000","00000000-0000-0000-0000-000000000000","00000000-0000-0000-0000-000000000000","00000000-0000-0000-0000-000000000006" );
INSERT INTO TE_WHERE VALUES ( 0,'Blink_Flasher_AnyWhere1',0,"00000000-0000-0000-0000-000000000012" );
INSERT INTO TE_WHERE VALUES ( 0,'Blink_Flasher_AnyWhere2',1,"00000000-0000-0000-0000-000000000012" );
INSERT INTO TE_WHERE VALUES ( 0,'Blink_Flasher_AnyWhere3',2,"00000000-0000-0000-0000-000000000012" );
INSERT INTO TE_ATTR VALUES ( "00000000-0000-0000-0000-00000000004e",0,0,0,0,0,'','current_state','current_state','',1,0,"00000000-0000-0000-0000-000000000000",'','Blink_Flasher','',"00000000-0000-0000-0000-000000000000","00000000-0000-0000-0000-000000000013","00000000-0000-0000-0000-000000000012" );
INSERT INTO TE_EVT VALUES ( "00000000-0000-0000-0000-000000000059",'StartUp',1,'Blink_Flasherevent1','BLINK_FLASHEREVENT1NUM',0,1,1,0,"00000000-0000-0000-0000-000000000000","00000000-0000-0000-0000-000000000016","00000000-0000-0000-0000-00000000004f","00000000-0000-0000-0000-00000000005a" );
INSERT INTO TE_EVT VALUES ( "00000000-0000-0000-0000-00000000005a",'TimePass',2,'Blink_Flasherevent2','BLINK_FLASHEREVENT2NUM',1,1,1,0,"00000000-0000-0000-0000-000000000000","00000000-0000-0000-0000-000000000017","00000000-0000-0000-0000-00000000004f","00000000-0000-0000-0000-000000000000" );
INSERT INTO TE_STATE VALUES ( "00000000-0000-0000-0000-000000000050",'init','Blink_Flasher_STATE_1',1,1,0,"00000000-0000-0000-0000-000000000015","00000000-0000-0000-0000-000000000018","00000000-0000-0000-0000-000000000053" );
INSERT INTO TE_STATE VALUES ( "00000000-0000-0000-0000-000000000053",'LED_On','Blink_Flasher_STATE_2',2,2,1,"00000000-0000-0000-0000-000000000015","00000000-0000-0000-0000-00000000001d","00000000-0000-0000-0000-000000000056" );
INSERT INTO TE_STATE VALUES ( "00000000-0000-0000-0000-000000000056",'LED_Off','Blink_Flasher_STATE_3',3,3,2,"00000000-0000-0000-0000-000000000015","00000000-0000-0000-0000-000000000023","00000000-0000-0000-0000-000000000000" );
INSERT INTO TE_SM VALUES ( "00000000-0000-0000-0000-00000000004f",1,'Blink_Flasher_STATE_1','Blink_Flasher_StateEventMatrix','Blink_Flasher_acts','StateAction_t','Blink_Flasher_Events_u','Blink_Flasher_xacts',0,'state_name_strings',3,2,"00000000-0000-0000-0000-000000000015",'Blink_Flasher',"00000000-0000-0000-0000-000000000050","00000000-0000-0000-0000-000000000059",'"init","LED_On","LED_Off"','"StartUp","TimePass"',0 );
INSERT INTO TE_CLASS VALUES ( "00000000-0000-0000-0000-00000000002d",'Flasher',1,'Flasher','','Blink_Flasher','Blink_Flasher_CB',1,0,0,0,0,10,0,1,0,0,1,0,0,'Blink_Flasher_class','Blink_Flasher_CLASS_NUMBER','Blink_Flasher_CLASS_NUMBER_CB','Blink_Flasher_LinkCentral','Blink_Flasher_Dispatch','','%d',',
    self->current_state',"00000000-0000-0000-0000-00000000001a","00000000-0000-0000-0000-000000000012","00000000-0000-0000-0000-000000000000" );
INSERT INTO TE_PREFIX VALUES ( 'Escher_','','Escher_','','ESCHER_','Escher_','','','','Escher_','pport_','rport_','channel_' );
INSERT INTO TE_SET VALUES ( 'SYS_MAX_CONTAINERS','Escher_Iterator_s','Escher_SetFactoryInit','Escher_InitSet','Escher_CopySet','Escher_ClearSet','Escher_SetUnion','Escher_SetIntersection','Escher_SetDifference','Escher_SetSymmetricDifference','Escher_SetInsertElement','Escher_SetInsertInstance','Escher_SetInsertBlock','Escher_SetRemoveElement','Escher_SetRemoveInstance','Escher_SetCardinality','Escher_SetContains','Escher_SetEquality','Escher_SetIsEmpty','Escher_SetGetAny','Escher_IteratorReset','Escher_IteratorNext','Escher_ObjectSet_s','Escher_SetElement_s','','' );
INSERT INTO TE_PERSIST VALUES ( 'sys_persist','','ESCHER_PERSIST_INST_CACHE_DEPTH','ESCHER_PERSIST_LINK_CACHE_DEPTH','check_mark_post','','Escher_link_t','','Escher_PersistFactoryInit','Escher_PersistenceCommit','Escher_PersistenceRestore','Escher_PersistDelete','domainnum','Escher_DomainNumber_t','classnum','Escher_ClassNumber_t','index','Escher_InstanceIndex_t','InstanceIdentifier_t','instance_identifier','s1_t','persist_dirty',1,0 );
INSERT INTO TE_EQ VALUES ( 'EVENT_IS_IGNORED','EVENT_CANT_HAPPEN','Escher_systemxtUMLevents','Escher_xtUML_event_pool','Escher_xtUMLEventConstant_t','Escher_xtUMLEvent_t','mc_event_base','ESCHER_SYS_MAX_XTUML_EVENTS','ESCHER_SYS_MAX_SELF_EVENTS','ESCHER_SYS_MAX_NONSELF_EVENTS','Escher_NewxtUMLEvent','Escher_AllocatextUMLEvent','Escher_DeletextUMLEvent','Escher_ModifyxtUMLEvent','Escher_SendSelfEvent','Escher_SendEvent','Escher_EventSearchAndDestroy','Escher_run_flag','e','' );
INSERT INTO TE_ILB VALUES ( '','ESCHER_SYS_MAX_INTERLEAVED_BRIDGES','ESCHER_SYS_MAX_INTERLEAVED_BRIDGE_DATA','InterleaveBridge','InterleaveBridgeDone','GetILBData','DispatchInterleaveBridge' );
INSERT INTO TE_THREAD VALUES ( 'sys_thread','Escher_thread_create','Escher_mutex_lock','Escher_mutex_unlock','Escher_nonbusy_wait','Escher_nonbusy_wake','Escher_thread_shutdown',0,'POSIX',0,1,'' );
INSERT INTO TE_FILE VALUES ( 'h','c','o','MyBlink_sys_main','sys_xtuml','sys_events','sys_nvs','NVS_bridge','sys_sets','MyBlink_sys_types','sys_thread','sys_trace','TIM_bridge','sys_user_co','','sys_persist','sys_xtumlload','sysc_interfaces','RegDefs','.','_ch','_ch','_ch','_ch','.','bridge.mark','system.mark','datatype.mark','event.mark','class.mark','domain.mark','sys_functions.arc','mc3020/arc','.' );
INSERT INTO TE_CALLOUT VALUES ( 'sys_user_co','UserInitializationCallout','UserPreOoaInitializationCallout','UserPostOoaInitializationCallout','UserBackgroundProcessingCallout','UserEventCantHappenCallout','UserPreShutdownCallout','UserPostShutdownCallout','UserEventNoInstanceCallout','UserEventFreeListEmptyCallout','UserEmptyHandleDetectedCallout','UserObjectPoolEmptyCallout','UserNodeListEmptyCallout','UserInterleavedBridgeOverflowCallout','UserSelfEventQueueEmptyCallout','UserNonSelfEventQueueEmptyCallout','UserPersistenceErrorCallout' );
INSERT INTO TE_STRING VALUES ( 'Escher_memset','Escher_memmove','Escher_strcpy','Escher_stradd','Escher_strlen','Escher_strcmp','Escher_strget','Escher_itoa','Escher_atoi','ESCHER_SYS_MAX_STRING_LEN','ESCHER_DEBUG_BUFFER_DEPTH','Escher_u128touuid','Escher_uuidtou128' );
INSERT INTO TE_TRACE VALUES ( 'COMP_MSG_START_TRACE','COMP_MSG_END_TRACE','STATE_TXN_START_TRACE','STATE_TXN_END_TRACE','STATE_TXN_IG_TRACE','STATE_TXN_CH_TRACE','OAL_ACTION_TRACE' );
INSERT INTO TE_COPYRIGHT VALUES ( 'your copyright statement can go here (from te_copyright.body)' );
INSERT INTO TE_DMA VALUES ( 'sys_memory','Escher_malloc','Escher_free',0 );
INSERT INTO TE_CONTAINER VALUES ( '' );
INSERT INTO TE_DLIST VALUES ( '','Escher_SetRemoveDlistNode' );
INSERT INTO TE_SLIST VALUES ( '','Escher_SetRemoveNode' );
INSERT INTO TE_TARGET VALUES ( 'C','#ifdef	__cplusplus
extern	"C"	{
#endif','#ifdef	__cplusplus
}
#endif','main' );
INSERT INTO TE_RELINFO VALUES ( "00000000-0000-0000-0000-000000000000","00000000-0000-0000-0000-000000000000","00000000-0000-0000-0000-000000000000","00000000-0000-0000-0000-000000000000","00000000-0000-0000-0000-000000000000","00000000-0000-0000-0000-000000000000",0,0,'',0,0,0,0 );
INSERT INTO TE_RELSTORE VALUES ( '','','',0,'','self' );
INSERT INTO TE_INSTANCE VALUES ( 'Escher_CreateInstance','Escher_CreatePersistent','Escher_DeleteInstance','Escher_DeletePersistent','self','Escher_GetSelf','Escher_InstanceBase_t','Escher_iHandle_t','Escher_ClassFactoryInit','Escher_Object_s','ESCHER_SYS_MAX_OBJECT_EXTENT','ESCHER_SYS_MAX_ASSOCIATION_EXTENT','ESCHER_SYS_MAX_TRANSIENT_EXTENT','current_state','','Escher_GetDCI','Escher_GetEventDispatcher','Escher_GetThreadAssignment','' );
INSERT INTO TE_TIM VALUES ( 'ESCHER_SYS_MAX_XTUML_TIMERS',1,1,0,'ETimer_t','','' );
INSERT INTO TE_TYPEMAP VALUES ( 'Escher_InstanceIndex_t','u2_t','Escher_ClassSize_t','Escher_size_t','Escher_ClassNumber_t','u2_t','Escher_StateNumber_t','u1_t','Escher_DomainNumber_t','u1_t','Escher_EventNumber_t','u1_t','Escher_EventPriority_t','u1_t','Escher_EventFlags_t','u1_t','Escher_PolyEventRC_t','u1_t','Escher_SEMcell_t','u1_t','','','' );
INSERT INTO TE_EXTENT VALUES ( 'Escher_ObjectSet_s','Escher_Extent_t','active','inactive','','Escher_ClassSize_t','size','Escher_StateNumber_t','initial_state','Escher_SetElement_s*','container','Escher_iHandle_t','pool','Escher_InstanceIndex_t','population','Escher_ClassSize_t','size_no_rel','link_function' );
INSERT INTO TE_DCI VALUES ( "00000000-0000-0000-0000-00000000001a",'Blink_CLASS_NUMBERS','Blink_CLASS_U','Blink_task_numbers','Blink_TASK_NUMBERS','Blink_MAX_CLASS_NUMBERS','Blink_STATE_MODELS','Blink_CLASS_INFO_INIT','Blink_class_info' );
INSERT INTO TE_CIA VALUES ( 'domain_class_info','Escher_Extent_t','active_count','domain_class_count','Escher_ClassNumber_t' );
INSERT INTO TE_BLK VALUES ( "00000000-0000-0000-0000-00000000003f","00000000-0000-0000-0000-000000000040",'Blink_Flasher * led;','',1,'  ',"00000000-0000-0000-0000-00000000004c" );
INSERT INTO TE_BLK VALUES ( "00000000-0000-0000-0000-000000000038","00000000-0000-0000-0000-000000000039",'Blink_Flasher * led=0;','',1,'  ',"00000000-0000-0000-0000-00000000004d" );
INSERT INTO TE_BLK VALUES ( "00000000-0000-0000-0000-000000000034","00000000-0000-0000-0000-000000000000",'','',1,'  ',"00000000-0000-0000-0000-000000000000" );
INSERT INTO TE_BLK VALUES ( "00000000-0000-0000-0000-000000000030","00000000-0000-0000-0000-000000000000",'','',1,'  ',"00000000-0000-0000-0000-000000000000" );
INSERT INTO TE_BLK VALUES ( "00000000-0000-0000-0000-00000000002c","00000000-0000-0000-0000-000000000000",'','',1,'  ',"00000000-0000-0000-0000-000000000000" );
INSERT INTO TE_BLK VALUES ( "00000000-0000-0000-0000-000000000026","00000000-0000-0000-0000-000000000027",'','',1,'  ',"00000000-0000-0000-0000-000000000058" );
INSERT INTO TE_BLK VALUES ( "00000000-0000-0000-0000-000000000020","00000000-0000-0000-0000-000000000021",'','',1,'  ',"00000000-0000-0000-0000-000000000055" );
INSERT INTO TE_BLK VALUES ( "00000000-0000-0000-0000-00000000001b","00000000-0000-0000-0000-00000000001c",'','',1,'  ',"00000000-0000-0000-0000-000000000052" );
INSERT INTO TE_BLK VALUES ( "00000000-0000-0000-0000-00000000000f","00000000-0000-0000-0000-000000000000",'','',1,'  ',"00000000-0000-0000-0000-000000000060" );
INSERT INTO TE_BLK VALUES ( "00000000-0000-0000-0000-00000000000c","00000000-0000-0000-0000-000000000000",'','',1,'  ',"00000000-0000-0000-0000-00000000005e" );
INSERT INTO TE_BLK VALUES ( "00000000-0000-0000-0000-000000000009","00000000-0000-0000-0000-000000000000",'','',1,'  ',"00000000-0000-0000-0000-00000000005c" );
INSERT INTO TE_ASSIGN VALUES ( 0,0,'','',0,'','',"00000000-0000-0000-0000-000000000001",0 );
INSERT INTO TE_BRIDGE VALUES ( '','',"00000000-0000-0000-0000-000000000017" );
INSERT INTO TE_CREATE_EVENT VALUES ( "00000000-0000-0000-0000-000000000000",0,'','','','','','',"00000000-0000-0000-0000-000000000008" );
INSERT INTO TE_CREATE_INSTANCE VALUES ( "00000000-0000-0000-0000-000000000000",0,'','',"00000000-0000-0000-0000-000000000002" );
INSERT INTO TE_DELETE_INSTANCE VALUES ( "00000000-0000-0000-0000-000000000000",'',0,"00000000-0000-0000-0000-000000000007" );
INSERT INTO TE_ELIF VALUES ( '',"00000000-0000-0000-0000-000000000006" );
INSERT INTO TE_EVENT_PARAMETERS VALUES ( '','','','',"00000000-0000-0000-0000-000000000010" );
INSERT INTO TE_FOR VALUES ( 0,'','','',"00000000-0000-0000-0000-000000000003" );
INSERT INTO TE_FUNCTION VALUES ( '','',"00000000-0000-0000-0000-000000000018" );
INSERT INTO TE_GENERATE VALUES ( "00000000-0000-0000-0000-000000000000",0,'','','','',"00000000-0000-0000-0000-000000000011" );
INSERT INTO TE_GENERATE_CREATOR_EVENT VALUES ( "00000000-0000-0000-0000-000000000000",0,'','','','',"00000000-0000-0000-0000-000000000012" );
INSERT INTO TE_GENERATE_PRECREATED_EVENT VALUES ( 0,'',"00000000-0000-0000-0000-00000000000f" );
INSERT INTO TE_GENERATE_TO_CLASS VALUES ( "00000000-0000-0000-0000-000000000000",0,'','','','',"00000000-0000-0000-0000-000000000013" );
INSERT INTO TE_IF VALUES ( '',"00000000-0000-0000-0000-000000000004" );
INSERT INTO TE_IOP VALUES ( '','',"00000000-0000-0000-0000-000000000015" );
INSERT INTO TE_OPERATION VALUES ( 0,'','','',"00000000-0000-0000-0000-000000000016" );
INSERT INTO TE_RELATE VALUES ( "00000000-0000-0000-0000-000000000000","00000000-0000-0000-0000-000000000000","00000000-0000-0000-0000-000000000000",0,0,'','','',"00000000-0000-0000-0000-000000000009" );
INSERT INTO TE_RELATE_USING VALUES ( "00000000-0000-0000-0000-000000000000","00000000-0000-0000-0000-000000000000","00000000-0000-0000-0000-000000000000","00000000-0000-0000-0000-000000000000",0,0,'','','','','','',"00000000-0000-0000-0000-00000000000a" );
INSERT INTO TE_RETURN VALUES ( '','','',"00000000-0000-0000-0000-000000000019" );
INSERT INTO TE_SELECT VALUES ( "00000000-0000-0000-0000-000000000000",1,'Blink_Flasher','Flasher','','any','led',"00000000-0000-0000-0000-00000000000d" );
INSERT INTO TE_SELECT_WHERE VALUES ( "00000000-0000-0000-0000-000000000000",0,'','','','','','','',0,0,"00000000-0000-0000-0000-00000000000e" );
INSERT INTO TE_SGN VALUES ( "00000000-0000-0000-0000-000000000000",0,'','','','',"00000000-0000-0000-0000-000000000014" );
INSERT INTO TE_UNRELATE VALUES ( "00000000-0000-0000-0000-000000000000","00000000-0000-0000-0000-000000000000","00000000-0000-0000-0000-000000000000",0,0,'','','',"00000000-0000-0000-0000-00000000000b" );
INSERT INTO TE_UNRELATE_USING VALUES ( "00000000-0000-0000-0000-000000000000","00000000-0000-0000-0000-000000000000","00000000-0000-0000-0000-000000000000","00000000-0000-0000-0000-000000000000",0,0,'','','','','','',"00000000-0000-0000-0000-00000000000c" );
INSERT INTO TE_WHILE VALUES ( '',"00000000-0000-0000-0000-000000000005" );
INSERT INTO S_EE VALUES ( "00000000-0000-0000-0000-000000000003",'BlinkEE','','BlinkEE',"00000000-0000-0000-0000-000000000000",'','BlinkEE',1 );
INSERT INTO C_C VALUES ( "00000000-0000-0000-0000-000000000010","00000000-0000-0000-0000-000000000000","00000000-0000-0000-0000-000000000000",'Blink','',0,"00000000-0000-0000-0000-000000000000",0,'' );
INSERT INTO SM_SM VALUES ( "00000000-0000-0000-0000-000000000015",'',0 );
INSERT INTO SM_STATE VALUES ( "00000000-0000-0000-0000-000000000018","00000000-0000-0000-0000-000000000015","00000000-0000-0000-0000-000000000000",'init',1,0 );
INSERT INTO SM_STATE VALUES ( "00000000-0000-0000-0000-00000000001d","00000000-0000-0000-0000-000000000015","00000000-0000-0000-0000-000000000000",'LED_On',2,0 );
INSERT INTO SM_STATE VALUES ( "00000000-0000-0000-0000-000000000023","00000000-0000-0000-0000-000000000015","00000000-0000-0000-0000-000000000000",'LED_Off',3,0 );
INSERT INTO SM_EVT VALUES ( "00000000-0000-0000-0000-000000000016","00000000-0000-0000-0000-000000000015","00000000-0000-0000-0000-000000000000",1,'StartUp',0,'','Flasher1','' );
INSERT INTO SM_EVT VALUES ( "00000000-0000-0000-0000-000000000017","00000000-0000-0000-0000-000000000015","00000000-0000-0000-0000-000000000000",2,'TimePass',0,'','Flasher2','' );
INSERT INTO SM_SEME VALUES ( "00000000-0000-0000-0000-000000000018","00000000-0000-0000-0000-000000000016","00000000-0000-0000-0000-000000000015","00000000-0000-0000-0000-000000000000" );
INSERT INTO SM_SEME VALUES ( "00000000-0000-0000-0000-000000000018","00000000-0000-0000-0000-000000000017","00000000-0000-0000-0000-000000000015","00000000-0000-0000-0000-000000000000" );
INSERT INTO SM_SEME VALUES ( "00000000-0000-0000-0000-00000000001d","00000000-0000-0000-0000-000000000016","00000000-0000-0000-0000-000000000015","00000000-0000-0000-0000-000000000000" );
INSERT INTO SM_SEME VALUES ( "00000000-0000-0000-0000-00000000001d","00000000-0000-0000-0000-000000000017","00000000-0000-0000-0000-000000000015","00000000-0000-0000-0000-000000000000" );
INSERT INTO SM_SEME VALUES ( "00000000-0000-0000-0000-000000000023","00000000-0000-0000-0000-000000000016","00000000-0000-0000-0000-000000000015","00000000-0000-0000-0000-000000000000" );
INSERT INTO SM_SEME VALUES ( "00000000-0000-0000-0000-000000000023","00000000-0000-0000-0000-000000000017","00000000-0000-0000-0000-000000000015","00000000-0000-0000-0000-000000000000" );
INSERT INTO SM_NSTXN VALUES ( "00000000-0000-0000-0000-000000000029","00000000-0000-0000-0000-000000000015","00000000-0000-0000-0000-000000000018","00000000-0000-0000-0000-000000000016","00000000-0000-0000-0000-000000000000" );
INSERT INTO SM_NSTXN VALUES ( "00000000-0000-0000-0000-00000000002d","00000000-0000-0000-0000-000000000015","00000000-0000-0000-0000-00000000001d","00000000-0000-0000-0000-000000000017","00000000-0000-0000-0000-000000000000" );
INSERT INTO SM_NSTXN VALUES ( "00000000-0000-0000-0000-000000000031","00000000-0000-0000-0000-000000000015","00000000-0000-0000-0000-000000000023","00000000-0000-0000-0000-000000000017","00000000-0000-0000-0000-000000000000" );
INSERT INTO SM_CH VALUES ( "00000000-0000-0000-0000-000000000018","00000000-0000-0000-0000-000000000017","00000000-0000-0000-0000-000000000015","00000000-0000-0000-0000-000000000000",'' );
INSERT INTO SM_CH VALUES ( "00000000-0000-0000-0000-00000000001d","00000000-0000-0000-0000-000000000016","00000000-0000-0000-0000-000000000015","00000000-0000-0000-0000-000000000000",'' );
INSERT INTO SM_CH VALUES ( "00000000-0000-0000-0000-000000000023","00000000-0000-0000-0000-000000000016","00000000-0000-0000-0000-000000000015","00000000-0000-0000-0000-000000000000",'' );
INSERT INTO SM_TXN VALUES ( "00000000-0000-0000-0000-000000000029","00000000-0000-0000-0000-000000000015","00000000-0000-0000-0000-00000000001d","00000000-0000-0000-0000-000000000000" );
INSERT INTO SM_TXN VALUES ( "00000000-0000-0000-0000-00000000002d","00000000-0000-0000-0000-000000000015","00000000-0000-0000-0000-000000000023","00000000-0000-0000-0000-000000000000" );
INSERT INTO SM_TXN VALUES ( "00000000-0000-0000-0000-000000000031","00000000-0000-0000-0000-000000000015","00000000-0000-0000-0000-00000000001d","00000000-0000-0000-0000-000000000000" );
INSERT INTO SM_MOORE VALUES ( "00000000-0000-0000-0000-000000000015" );
INSERT INTO SM_MOAH VALUES ( "00000000-0000-0000-0000-000000000019","00000000-0000-0000-0000-000000000015","00000000-0000-0000-0000-000000000018" );
INSERT INTO SM_MOAH VALUES ( "00000000-0000-0000-0000-00000000001e","00000000-0000-0000-0000-000000000015","00000000-0000-0000-0000-00000000001d" );
INSERT INTO SM_MOAH VALUES ( "00000000-0000-0000-0000-000000000024","00000000-0000-0000-0000-000000000015","00000000-0000-0000-0000-000000000023" );
INSERT INTO SM_AH VALUES ( "00000000-0000-0000-0000-000000000019","00000000-0000-0000-0000-000000000015" );
INSERT INTO SM_AH VALUES ( "00000000-0000-0000-0000-00000000001e","00000000-0000-0000-0000-000000000015" );
INSERT INTO SM_AH VALUES ( "00000000-0000-0000-0000-000000000024","00000000-0000-0000-0000-000000000015" );
INSERT INTO SM_AH VALUES ( "00000000-0000-0000-0000-00000000002a","00000000-0000-0000-0000-000000000015" );
INSERT INTO SM_AH VALUES ( "00000000-0000-0000-0000-00000000002e","00000000-0000-0000-0000-000000000015" );
INSERT INTO SM_AH VALUES ( "00000000-0000-0000-0000-000000000032","00000000-0000-0000-0000-000000000015" );
INSERT INTO SM_ACT VALUES ( "00000000-0000-0000-0000-000000000019","00000000-0000-0000-0000-000000000015",1,'BlinkEE::display();','',0 );
INSERT INTO SM_ACT VALUES ( "00000000-0000-0000-0000-00000000001e","00000000-0000-0000-0000-000000000015",1,'BlinkEE::TurnOnLED();
BlinkEE::display();','',0 );
INSERT INTO SM_ACT VALUES ( "00000000-0000-0000-0000-000000000024","00000000-0000-0000-0000-000000000015",1,'BlinkEE::TurnOffLED();
BlinkEE::display();','',0 );
INSERT INTO SM_ACT VALUES ( "00000000-0000-0000-0000-00000000002a","00000000-0000-0000-0000-000000000015",1,'','',0 );
INSERT INTO SM_ACT VALUES ( "00000000-0000-0000-0000-00000000002e","00000000-0000-0000-0000-000000000015",1,'','',0 );
INSERT INTO SM_ACT VALUES ( "00000000-0000-0000-0000-000000000032","00000000-0000-0000-0000-000000000015",1,'','',0 );
INSERT INTO SM_ISM VALUES ( "00000000-0000-0000-0000-000000000015","00000000-0000-0000-0000-000000000012" );
INSERT INTO SM_SEVT VALUES ( "00000000-0000-0000-0000-000000000016","00000000-0000-0000-0000-000000000015","00000000-0000-0000-0000-000000000000" );
INSERT INTO SM_SEVT VALUES ( "00000000-0000-0000-0000-000000000017","00000000-0000-0000-0000-000000000015","00000000-0000-0000-0000-000000000000" );
INSERT INTO SM_LEVT VALUES ( "00000000-0000-0000-0000-000000000016","00000000-0000-0000-0000-000000000015","00000000-0000-0000-0000-000000000000" );
INSERT INTO SM_LEVT VALUES ( "00000000-0000-0000-0000-000000000017","00000000-0000-0000-0000-000000000015","00000000-0000-0000-0000-000000000000" );
INSERT INTO SM_TAH VALUES ( "00000000-0000-0000-0000-00000000002a","00000000-0000-0000-0000-000000000015","00000000-0000-0000-0000-000000000029" );
INSERT INTO SM_TAH VALUES ( "00000000-0000-0000-0000-00000000002e","00000000-0000-0000-0000-000000000015","00000000-0000-0000-0000-00000000002d" );
INSERT INTO SM_TAH VALUES ( "00000000-0000-0000-0000-000000000032","00000000-0000-0000-0000-000000000015","00000000-0000-0000-0000-000000000031" );
INSERT INTO E_GEN VALUES ( "00000000-0000-0000-0000-00000000003a","00000000-0000-0000-0000-00000000003b" );
INSERT INTO E_GEN VALUES ( "00000000-0000-0000-0000-000000000041","00000000-0000-0000-0000-000000000042" );
INSERT INTO E_ESS VALUES ( "00000000-0000-0000-0000-00000000003a",1,0,2,10,2,19,1,34,0,0,0,0 );
INSERT INTO E_ESS VALUES ( "00000000-0000-0000-0000-000000000041",1,0,2,10,2,19,1,31,0,0,0,0 );
INSERT INTO E_GES VALUES ( "00000000-0000-0000-0000-00000000003a" );
INSERT INTO E_GES VALUES ( "00000000-0000-0000-0000-000000000041" );
INSERT INTO E_GSME VALUES ( "00000000-0000-0000-0000-00000000003a","00000000-0000-0000-0000-000000000017" );
INSERT INTO E_GSME VALUES ( "00000000-0000-0000-0000-000000000041","00000000-0000-0000-0000-000000000016" );
INSERT INTO PE_PE VALUES ( "00000000-0000-0000-0000-000000000003",1,"00000000-0000-0000-0000-000000000002","00000000-0000-0000-0000-000000000000",5 );
INSERT INTO PE_PE VALUES ( "00000000-0000-0000-0000-000000000010",1,"00000000-0000-0000-0000-000000000002","00000000-0000-0000-0000-000000000000",2 );
INSERT INTO PE_PE VALUES ( "00000000-0000-0000-0000-000000000011",1,"00000000-0000-0000-0000-000000000000","00000000-0000-0000-0000-000000000010",7 );
INSERT INTO PE_PE VALUES ( "00000000-0000-0000-0000-000000000012",1,"00000000-0000-0000-0000-000000000011","00000000-0000-0000-0000-000000000000",4 );
INSERT INTO PE_PE VALUES ( "00000000-0000-0000-0000-000000000035",1,"00000000-0000-0000-0000-000000000000","00000000-0000-0000-0000-000000000010",7 );
INSERT INTO PE_PE VALUES ( "00000000-0000-0000-0000-000000000036",1,"00000000-0000-0000-0000-000000000035","00000000-0000-0000-0000-000000000000",1 );
INSERT INTO PE_PE VALUES ( "00000000-0000-0000-0000-00000000003d",1,"00000000-0000-0000-0000-000000000035","00000000-0000-0000-0000-000000000000",1 );
INSERT INTO PE_PE VALUES ( "00000000-0000-0000-0000-000000000005",1,"00000000-0000-0000-0000-000000000000","00000000-0000-0000-0000-000000000000",3 );
INSERT INTO PE_PE VALUES ( "00000000-0000-0000-0000-000000000043",1,"00000000-0000-0000-0000-000000000000","00000000-0000-0000-0000-000000000000",3 );
INSERT INTO PE_PE VALUES ( "00000000-0000-0000-0000-000000000007",1,"00000000-0000-0000-0000-000000000000","00000000-0000-0000-0000-000000000000",3 );
INSERT INTO PE_PE VALUES ( "00000000-0000-0000-0000-000000000044",1,"00000000-0000-0000-0000-000000000000","00000000-0000-0000-0000-000000000000",3 );
INSERT INTO PE_PE VALUES ( "00000000-0000-0000-0000-000000000045",1,"00000000-0000-0000-0000-000000000000","00000000-0000-0000-0000-000000000000",3 );
INSERT INTO PE_PE VALUES ( "00000000-0000-0000-0000-000000000046",1,"00000000-0000-0000-0000-000000000000","00000000-0000-0000-0000-000000000000",3 );
INSERT INTO PE_PE VALUES ( "00000000-0000-0000-0000-000000000014",1,"00000000-0000-0000-0000-000000000000","00000000-0000-0000-0000-000000000000",3 );
INSERT INTO PE_PE VALUES ( "00000000-0000-0000-0000-000000000047",1,"00000000-0000-0000-0000-000000000000","00000000-0000-0000-0000-000000000000",3 );
INSERT INTO PE_PE VALUES ( "00000000-0000-0000-0000-00000000003c",1,"00000000-0000-0000-0000-000000000000","00000000-0000-0000-0000-000000000000",3 );
INSERT INTO PE_PE VALUES ( "00000000-0000-0000-0000-000000000048",1,"00000000-0000-0000-0000-000000000000","00000000-0000-0000-0000-000000000000",3 );
INSERT INTO PE_PE VALUES ( "00000000-0000-0000-0000-000000000049",1,"00000000-0000-0000-0000-000000000000","00000000-0000-0000-0000-000000000000",3 );
INSERT INTO PE_PE VALUES ( "00000000-0000-0000-0000-00000000004a",1,"00000000-0000-0000-0000-000000000000","00000000-0000-0000-0000-000000000000",3 );
INSERT INTO PE_PE VALUES ( "00000000-0000-0000-0000-00000000004b",1,"00000000-0000-0000-0000-000000000000","00000000-0000-0000-0000-000000000000",3 );
INSERT INTO PE_PE VALUES ( "00000000-0000-0000-0000-00000000004c",1,"00000000-0000-0000-0000-000000000000","00000000-0000-0000-0000-000000000000",3 );
INSERT INTO PE_PE VALUES ( "00000000-0000-0000-0000-00000000004d",1,"00000000-0000-0000-0000-000000000000","00000000-0000-0000-0000-000000000000",3 );
INSERT INTO PE_PE VALUES ( "00000000-0000-0000-0000-00000000004e",1,"00000000-0000-0000-0000-000000000000","00000000-0000-0000-0000-000000000000",3 );
INSERT INTO PE_PE VALUES ( "00000000-0000-0000-0000-00000000004f",1,"00000000-0000-0000-0000-000000000000","00000000-0000-0000-0000-000000000000",3 );
INSERT INTO S_DT VALUES ( "00000000-0000-0000-0000-000000000005","00000000-0000-0000-0000-000000000000",'void','','' );
INSERT INTO S_DT VALUES ( "00000000-0000-0000-0000-000000000043","00000000-0000-0000-0000-000000000000",'boolean','','' );
INSERT INTO S_DT VALUES ( "00000000-0000-0000-0000-000000000007","00000000-0000-0000-0000-000000000000",'integer','','' );
INSERT INTO S_DT VALUES ( "00000000-0000-0000-0000-000000000044","00000000-0000-0000-0000-000000000000",'real','','' );
INSERT INTO S_DT VALUES ( "00000000-0000-0000-0000-000000000045","00000000-0000-0000-0000-000000000000",'string','','' );
INSERT INTO S_DT VALUES ( "00000000-0000-0000-0000-000000000046","00000000-0000-0000-0000-000000000000",'unique_id','','' );
INSERT INTO S_DT VALUES ( "00000000-0000-0000-0000-000000000014","00000000-0000-0000-0000-000000000000",'state<State_Model>','','' );
INSERT INTO S_DT VALUES ( "00000000-0000-0000-0000-000000000047","00000000-0000-0000-0000-000000000000",'same_as<Base_Attribute>','','' );
INSERT INTO S_DT VALUES ( "00000000-0000-0000-0000-00000000003c","00000000-0000-0000-0000-000000000000",'inst_ref<Object>','','' );
INSERT INTO S_DT VALUES ( "00000000-0000-0000-0000-000000000048","00000000-0000-0000-0000-000000000000",'inst_ref_set<Object>','','' );
INSERT INTO S_DT VALUES ( "00000000-0000-0000-0000-000000000049","00000000-0000-0000-0000-000000000000",'inst<Event>','','' );
INSERT INTO S_DT VALUES ( "00000000-0000-0000-0000-00000000004a","00000000-0000-0000-0000-000000000000",'inst<Mapping>','','' );
INSERT INTO S_DT VALUES ( "00000000-0000-0000-0000-00000000004b","00000000-0000-0000-0000-000000000000",'inst_ref<Mapping>','','' );
INSERT INTO S_DT VALUES ( "00000000-0000-0000-0000-00000000004c","00000000-0000-0000-0000-000000000000",'component_ref','','' );
INSERT INTO S_DT VALUES ( "00000000-0000-0000-0000-00000000004d","00000000-0000-0000-0000-000000000000",'date','','' );
INSERT INTO S_DT VALUES ( "00000000-0000-0000-0000-00000000004e","00000000-0000-0000-0000-000000000000",'inst_ref<Timer>','','' );
INSERT INTO S_DT VALUES ( "00000000-0000-0000-0000-00000000004f","00000000-0000-0000-0000-000000000000",'timestamp','','' );
