-- root-types-contained: SystemModel_c,PackageableElement_c,DataType_c,CoreDataType_c,UserDataType_c
-- BP 7.1 content: StreamData syschar: 3 persistence-version: 7.1.6

INSERT INTO S_SYS
	VALUES ("576bf359-0145-44f1-addb-b09b86f49182",
	'MyBlink',
	1);
INSERT INTO EP_PKG
	VALUES ("4af2afe1-82a4-4ed4-b9e7-8fcbbbd0ecff",
	"576bf359-0145-44f1-addb-b09b86f49182",
	"576bf359-0145-44f1-addb-b09b86f49182",
	'Blink',
	'',
	0);
INSERT INTO PE_PE
	VALUES ("bb56d366-08ff-4c30-8cba-0c391577f695",
	1,
	"4af2afe1-82a4-4ed4-b9e7-8fcbbbd0ecff",
	"00000000-0000-0000-0000-000000000000",
	5);
INSERT INTO S_EE
	VALUES ("bb56d366-08ff-4c30-8cba-0c391577f695",
	'BlinkEE',
	'',
	'BlinkEE',
	"00000000-0000-0000-0000-000000000000",
	'',
	'BlinkEE',
	1);
INSERT INTO S_BRG
	VALUES ("352895c3-7175-4476-b5a3-c9e396a37856",
	"bb56d366-08ff-4c30-8cba-0c391577f695",
	'display',
	'',
	0,
	"ba5eda7a-def5-0000-0000-000000000000",
	'',
	1,
	'',
	0);
INSERT INTO S_BPARM
	VALUES ("3bfe04cc-8011-4927-9614-e2408e190562",
	"352895c3-7175-4476-b5a3-c9e396a37856",
	'string',
	"ba5eda7a-def5-0000-0000-000000000002",
	0,
	'',
	"00000000-0000-0000-0000-000000000000",
	'');
INSERT INTO ACT_BRB
	VALUES ("d9f91216-e853-4721-86c9-fe39aab072c4",
	"352895c3-7175-4476-b5a3-c9e396a37856");
INSERT INTO ACT_ACT
	VALUES ("d9f91216-e853-4721-86c9-fe39aab072c4",
	'bridge',
	0,
	"e4fc624b-1592-48f1-a358-c16f68a3d1db",
	"00000000-0000-0000-0000-000000000000",
	0,
	'BlinkEE::display',
	"00000000-0000-0000-0000-000000000000");
INSERT INTO ACT_BLK
	VALUES ("e4fc624b-1592-48f1-a358-c16f68a3d1db",
	0,
	0,
	0,
	'',
	'',
	'',
	0,
	0,
	0,
	0,
	0,
	0,
	0,
	0,
	0,
	0,
	0,
	0,
	0,
	"d9f91216-e853-4721-86c9-fe39aab072c4",
	"00000000-0000-0000-0000-000000000000");
INSERT INTO S_BRG
	VALUES ("bae08066-cc0e-4f82-93af-dd21b50a0ee6",
	"bb56d366-08ff-4c30-8cba-0c391577f695",
	'TurnOffLED',
	'',
	0,
	"ba5eda7a-def5-0000-0000-000000000000",
	'',
	1,
	'',
	0);
INSERT INTO ACT_BRB
	VALUES ("f65d6c9a-87d4-4559-b9b0-558d665debf0",
	"bae08066-cc0e-4f82-93af-dd21b50a0ee6");
INSERT INTO ACT_ACT
	VALUES ("f65d6c9a-87d4-4559-b9b0-558d665debf0",
	'bridge',
	0,
	"a4329b68-a817-40eb-96b1-213827e19d37",
	"00000000-0000-0000-0000-000000000000",
	0,
	'BlinkEE::TurnOffLED',
	"00000000-0000-0000-0000-000000000000");
INSERT INTO ACT_BLK
	VALUES ("a4329b68-a817-40eb-96b1-213827e19d37",
	0,
	0,
	0,
	'',
	'',
	'',
	0,
	0,
	0,
	0,
	0,
	0,
	0,
	0,
	0,
	0,
	0,
	0,
	0,
	"f65d6c9a-87d4-4559-b9b0-558d665debf0",
	"00000000-0000-0000-0000-000000000000");
INSERT INTO S_BRG
	VALUES ("ae412e7e-77fa-4e6c-8117-33435566b5b8",
	"bb56d366-08ff-4c30-8cba-0c391577f695",
	'TurnOnLED',
	'',
	0,
	"ba5eda7a-def5-0000-0000-000000000000",
	'',
	1,
	'',
	0);
INSERT INTO ACT_BRB
	VALUES ("598c5db4-4a64-4a5c-a478-72158406bf08",
	"ae412e7e-77fa-4e6c-8117-33435566b5b8");
INSERT INTO ACT_ACT
	VALUES ("598c5db4-4a64-4a5c-a478-72158406bf08",
	'bridge',
	0,
	"ffc420d0-f9f2-4792-9e11-96ca6ea6ecbe",
	"00000000-0000-0000-0000-000000000000",
	0,
	'BlinkEE::TurnOnLED',
	"00000000-0000-0000-0000-000000000000");
INSERT INTO ACT_BLK
	VALUES ("ffc420d0-f9f2-4792-9e11-96ca6ea6ecbe",
	0,
	0,
	0,
	'',
	'',
	'',
	0,
	0,
	0,
	0,
	0,
	0,
	0,
	0,
	0,
	0,
	0,
	0,
	0,
	"598c5db4-4a64-4a5c-a478-72158406bf08",
	"00000000-0000-0000-0000-000000000000");
INSERT INTO PE_PE
	VALUES ("88296e6c-dbd9-4919-9500-ad1b390005af",
	1,
	"4af2afe1-82a4-4ed4-b9e7-8fcbbbd0ecff",
	"00000000-0000-0000-0000-000000000000",
	2);
INSERT INTO C_C
	VALUES ("88296e6c-dbd9-4919-9500-ad1b390005af",
	"00000000-0000-0000-0000-000000000000",
	"00000000-0000-0000-0000-000000000000",
	'Blink',
	'',
	0,
	"00000000-0000-0000-0000-000000000000",
	0,
	'');
INSERT INTO PE_PE
	VALUES ("62b843b2-d4f7-46de-aed4-4e1d8360e125",
	1,
	"00000000-0000-0000-0000-000000000000",
	"88296e6c-dbd9-4919-9500-ad1b390005af",
	7);
INSERT INTO EP_PKG
	VALUES ("62b843b2-d4f7-46de-aed4-4e1d8360e125",
	"00000000-0000-0000-0000-000000000000",
	"576bf359-0145-44f1-addb-b09b86f49182",
	'Blink',
	'',
	0);
INSERT INTO PE_PE
	VALUES ("db4985a6-0f53-4538-a15a-87f17d0e508f",
	1,
	"62b843b2-d4f7-46de-aed4-4e1d8360e125",
	"00000000-0000-0000-0000-000000000000",
	4);
INSERT INTO O_OBJ
	VALUES ("db4985a6-0f53-4538-a15a-87f17d0e508f",
	'Flasher',
	1,
	'Flasher',
	'',
	"00000000-0000-0000-0000-000000000000");
INSERT INTO O_NBATTR
	VALUES ("5d2b8504-06a4-4509-8a57-61e026cf1b48",
	"db4985a6-0f53-4538-a15a-87f17d0e508f");
INSERT INTO O_BATTR
	VALUES ("5d2b8504-06a4-4509-8a57-61e026cf1b48",
	"db4985a6-0f53-4538-a15a-87f17d0e508f");
INSERT INTO O_ATTR
	VALUES ("5d2b8504-06a4-4509-8a57-61e026cf1b48",
	"db4985a6-0f53-4538-a15a-87f17d0e508f",
	"00000000-0000-0000-0000-000000000000",
	'current_state',
	'',
	'',
	'current_state',
	0,
	"ba5eda7a-def5-0000-0000-000000000006",
	'',
	'');
INSERT INTO O_ID
	VALUES (0,
	"db4985a6-0f53-4538-a15a-87f17d0e508f");
INSERT INTO O_ID
	VALUES (1,
	"db4985a6-0f53-4538-a15a-87f17d0e508f");
INSERT INTO O_ID
	VALUES (2,
	"db4985a6-0f53-4538-a15a-87f17d0e508f");
INSERT INTO SM_ISM
	VALUES ("8d5f4194-888e-4166-a310-9c23f72a33f6",
	"db4985a6-0f53-4538-a15a-87f17d0e508f");
INSERT INTO SM_SM
	VALUES ("8d5f4194-888e-4166-a310-9c23f72a33f6",
	'',
	0);
INSERT INTO SM_MOORE
	VALUES ("8d5f4194-888e-4166-a310-9c23f72a33f6");
INSERT INTO SM_LEVT
	VALUES ("62777be7-b81c-4136-8b4b-ed753f88e7d5",
	"8d5f4194-888e-4166-a310-9c23f72a33f6",
	"00000000-0000-0000-0000-000000000000");
INSERT INTO SM_SEVT
	VALUES ("62777be7-b81c-4136-8b4b-ed753f88e7d5",
	"8d5f4194-888e-4166-a310-9c23f72a33f6",
	"00000000-0000-0000-0000-000000000000");
INSERT INTO SM_EVT
	VALUES ("62777be7-b81c-4136-8b4b-ed753f88e7d5",
	"8d5f4194-888e-4166-a310-9c23f72a33f6",
	"00000000-0000-0000-0000-000000000000",
	1,
	'StartUp',
	0,
	'',
	'Flasher1',
	'');
INSERT INTO SM_LEVT
	VALUES ("dd065bc5-0676-4056-bdb0-adb23537e945",
	"8d5f4194-888e-4166-a310-9c23f72a33f6",
	"00000000-0000-0000-0000-000000000000");
INSERT INTO SM_SEVT
	VALUES ("dd065bc5-0676-4056-bdb0-adb23537e945",
	"8d5f4194-888e-4166-a310-9c23f72a33f6",
	"00000000-0000-0000-0000-000000000000");
INSERT INTO SM_EVT
	VALUES ("dd065bc5-0676-4056-bdb0-adb23537e945",
	"8d5f4194-888e-4166-a310-9c23f72a33f6",
	"00000000-0000-0000-0000-000000000000",
	2,
	'TimePass',
	0,
	'',
	'Flasher2',
	'');
INSERT INTO SM_STATE
	VALUES ("8f947c09-6425-4539-8f22-77b0a18f10dd",
	"8d5f4194-888e-4166-a310-9c23f72a33f6",
	"00000000-0000-0000-0000-000000000000",
	'init',
	1,
	0);
INSERT INTO SM_SEME
	VALUES ("8f947c09-6425-4539-8f22-77b0a18f10dd",
	"62777be7-b81c-4136-8b4b-ed753f88e7d5",
	"8d5f4194-888e-4166-a310-9c23f72a33f6",
	"00000000-0000-0000-0000-000000000000");
INSERT INTO SM_CH
	VALUES ("8f947c09-6425-4539-8f22-77b0a18f10dd",
	"dd065bc5-0676-4056-bdb0-adb23537e945",
	"8d5f4194-888e-4166-a310-9c23f72a33f6",
	"00000000-0000-0000-0000-000000000000",
	'');
INSERT INTO SM_SEME
	VALUES ("8f947c09-6425-4539-8f22-77b0a18f10dd",
	"dd065bc5-0676-4056-bdb0-adb23537e945",
	"8d5f4194-888e-4166-a310-9c23f72a33f6",
	"00000000-0000-0000-0000-000000000000");
INSERT INTO SM_MOAH
	VALUES ("bca755e4-70d1-48fd-ad45-873afc0fb33a",
	"8d5f4194-888e-4166-a310-9c23f72a33f6",
	"8f947c09-6425-4539-8f22-77b0a18f10dd");
INSERT INTO SM_AH
	VALUES ("bca755e4-70d1-48fd-ad45-873afc0fb33a",
	"8d5f4194-888e-4166-a310-9c23f72a33f6");
INSERT INTO SM_ACT
	VALUES ("bca755e4-70d1-48fd-ad45-873afc0fb33a",
	"8d5f4194-888e-4166-a310-9c23f72a33f6",
	1,
	'BlinkEE::display();',
	'',
	0);
INSERT INTO ACT_SAB
	VALUES ("90a559f6-c62e-4c42-a07e-7fc92024ae9f",
	"8d5f4194-888e-4166-a310-9c23f72a33f6",
	"bca755e4-70d1-48fd-ad45-873afc0fb33a");
INSERT INTO ACT_ACT
	VALUES ("90a559f6-c62e-4c42-a07e-7fc92024ae9f",
	'state',
	0,
	"e5db92ed-cebd-4743-878c-5a91b4682499",
	"00000000-0000-0000-0000-000000000000",
	0,
	'Flasher::init',
	"00000000-0000-0000-0000-000000000000");
INSERT INTO ACT_BLK
	VALUES ("e5db92ed-cebd-4743-878c-5a91b4682499",
	0,
	0,
	0,
	'BlinkEE',
	'',
	'',
	1,
	1,
	1,
	1,
	0,
	0,
	0,
	0,
	0,
	0,
	0,
	0,
	0,
	"90a559f6-c62e-4c42-a07e-7fc92024ae9f",
	"00000000-0000-0000-0000-000000000000");
INSERT INTO ACT_SMT
	VALUES ("217d0bee-1881-4097-8ecb-cf43db77b42f",
	"e5db92ed-cebd-4743-878c-5a91b4682499",
	"00000000-0000-0000-0000-000000000000",
	-1,
	-1,
	'Flasher::init line: -1');
INSERT INTO SM_STATE
	VALUES ("40768feb-3fd3-4529-bcfc-b85f3bf8abf7",
	"8d5f4194-888e-4166-a310-9c23f72a33f6",
	"00000000-0000-0000-0000-000000000000",
	'LED_On',
	2,
	0);
INSERT INTO SM_CH
	VALUES ("40768feb-3fd3-4529-bcfc-b85f3bf8abf7",
	"62777be7-b81c-4136-8b4b-ed753f88e7d5",
	"8d5f4194-888e-4166-a310-9c23f72a33f6",
	"00000000-0000-0000-0000-000000000000",
	'');
INSERT INTO SM_SEME
	VALUES ("40768feb-3fd3-4529-bcfc-b85f3bf8abf7",
	"62777be7-b81c-4136-8b4b-ed753f88e7d5",
	"8d5f4194-888e-4166-a310-9c23f72a33f6",
	"00000000-0000-0000-0000-000000000000");
INSERT INTO SM_SEME
	VALUES ("40768feb-3fd3-4529-bcfc-b85f3bf8abf7",
	"dd065bc5-0676-4056-bdb0-adb23537e945",
	"8d5f4194-888e-4166-a310-9c23f72a33f6",
	"00000000-0000-0000-0000-000000000000");
INSERT INTO SM_MOAH
	VALUES ("8afbf06f-32a4-46fb-b455-16c56f7473ae",
	"8d5f4194-888e-4166-a310-9c23f72a33f6",
	"40768feb-3fd3-4529-bcfc-b85f3bf8abf7");
INSERT INTO SM_AH
	VALUES ("8afbf06f-32a4-46fb-b455-16c56f7473ae",
	"8d5f4194-888e-4166-a310-9c23f72a33f6");
INSERT INTO SM_ACT
	VALUES ("8afbf06f-32a4-46fb-b455-16c56f7473ae",
	"8d5f4194-888e-4166-a310-9c23f72a33f6",
	1,
	'BlinkEE::TurnOnLED();
BlinkEE::display();',
	'',
	0);
INSERT INTO ACT_SAB
	VALUES ("3314dda8-807e-4e4d-9f94-e1d13ee84562",
	"8d5f4194-888e-4166-a310-9c23f72a33f6",
	"8afbf06f-32a4-46fb-b455-16c56f7473ae");
INSERT INTO ACT_ACT
	VALUES ("3314dda8-807e-4e4d-9f94-e1d13ee84562",
	'state',
	0,
	"dba31ae3-a25c-4125-9ed4-28459602beec",
	"00000000-0000-0000-0000-000000000000",
	0,
	'Flasher::LED_On',
	"00000000-0000-0000-0000-000000000000");
INSERT INTO ACT_BLK
	VALUES ("dba31ae3-a25c-4125-9ed4-28459602beec",
	0,
	0,
	0,
	'BlinkEE',
	'',
	'',
	2,
	1,
	2,
	1,
	0,
	0,
	0,
	0,
	0,
	0,
	0,
	0,
	0,
	"3314dda8-807e-4e4d-9f94-e1d13ee84562",
	"00000000-0000-0000-0000-000000000000");
INSERT INTO ACT_SMT
	VALUES ("54033170-cf13-42aa-8e3f-af1fbac91acc",
	"dba31ae3-a25c-4125-9ed4-28459602beec",
	"ab119b13-8807-4ac2-a23a-d11c1cf75999",
	1,
	1,
	'Flasher::LED_On line: 1');
INSERT INTO ACT_BRG
	VALUES ("54033170-cf13-42aa-8e3f-af1fbac91acc",
	"ae412e7e-77fa-4e6c-8117-33435566b5b8",
	1,
	10,
	1,
	1);
INSERT INTO ACT_SMT
	VALUES ("ab119b13-8807-4ac2-a23a-d11c1cf75999",
	"dba31ae3-a25c-4125-9ed4-28459602beec",
	"00000000-0000-0000-0000-000000000000",
	-1,
	-1,
	'Flasher::LED_On line: -1');
INSERT INTO SM_STATE
	VALUES ("6e493c17-5ec3-4e80-90e1-f77315fbe088",
	"8d5f4194-888e-4166-a310-9c23f72a33f6",
	"00000000-0000-0000-0000-000000000000",
	'LED_Off',
	3,
	0);
INSERT INTO SM_CH
	VALUES ("6e493c17-5ec3-4e80-90e1-f77315fbe088",
	"62777be7-b81c-4136-8b4b-ed753f88e7d5",
	"8d5f4194-888e-4166-a310-9c23f72a33f6",
	"00000000-0000-0000-0000-000000000000",
	'');
INSERT INTO SM_SEME
	VALUES ("6e493c17-5ec3-4e80-90e1-f77315fbe088",
	"62777be7-b81c-4136-8b4b-ed753f88e7d5",
	"8d5f4194-888e-4166-a310-9c23f72a33f6",
	"00000000-0000-0000-0000-000000000000");
INSERT INTO SM_SEME
	VALUES ("6e493c17-5ec3-4e80-90e1-f77315fbe088",
	"dd065bc5-0676-4056-bdb0-adb23537e945",
	"8d5f4194-888e-4166-a310-9c23f72a33f6",
	"00000000-0000-0000-0000-000000000000");
INSERT INTO SM_MOAH
	VALUES ("a1a5ffe2-564f-4ddd-97c6-c7b9d25e8fff",
	"8d5f4194-888e-4166-a310-9c23f72a33f6",
	"6e493c17-5ec3-4e80-90e1-f77315fbe088");
INSERT INTO SM_AH
	VALUES ("a1a5ffe2-564f-4ddd-97c6-c7b9d25e8fff",
	"8d5f4194-888e-4166-a310-9c23f72a33f6");
INSERT INTO SM_ACT
	VALUES ("a1a5ffe2-564f-4ddd-97c6-c7b9d25e8fff",
	"8d5f4194-888e-4166-a310-9c23f72a33f6",
	1,
	'BlinkEE::TurnOffLED();
BlinkEE::display();',
	'',
	0);
INSERT INTO ACT_SAB
	VALUES ("5eaa4791-9987-47d1-96df-c6aa290729f4",
	"8d5f4194-888e-4166-a310-9c23f72a33f6",
	"a1a5ffe2-564f-4ddd-97c6-c7b9d25e8fff");
INSERT INTO ACT_ACT
	VALUES ("5eaa4791-9987-47d1-96df-c6aa290729f4",
	'state',
	0,
	"6a187845-4ce6-4450-8309-1a6cc1e894c5",
	"00000000-0000-0000-0000-000000000000",
	0,
	'Flasher::LED_Off',
	"00000000-0000-0000-0000-000000000000");
INSERT INTO ACT_BLK
	VALUES ("6a187845-4ce6-4450-8309-1a6cc1e894c5",
	0,
	0,
	0,
	'BlinkEE',
	'',
	'',
	2,
	1,
	2,
	1,
	0,
	0,
	0,
	0,
	0,
	0,
	0,
	0,
	0,
	"5eaa4791-9987-47d1-96df-c6aa290729f4",
	"00000000-0000-0000-0000-000000000000");
INSERT INTO ACT_SMT
	VALUES ("2aaa2c4c-0da6-41d5-bdd4-397d4aa4e2c5",
	"6a187845-4ce6-4450-8309-1a6cc1e894c5",
	"7e6ad4d3-baea-4d59-ac63-cdfef7a8142e",
	1,
	1,
	'Flasher::LED_Off line: 1');
INSERT INTO ACT_BRG
	VALUES ("2aaa2c4c-0da6-41d5-bdd4-397d4aa4e2c5",
	"bae08066-cc0e-4f82-93af-dd21b50a0ee6",
	1,
	10,
	1,
	1);
INSERT INTO ACT_SMT
	VALUES ("7e6ad4d3-baea-4d59-ac63-cdfef7a8142e",
	"6a187845-4ce6-4450-8309-1a6cc1e894c5",
	"00000000-0000-0000-0000-000000000000",
	-1,
	-1,
	'Flasher::LED_Off line: -1');
INSERT INTO SM_NSTXN
	VALUES ("9611b9e8-5d41-4fd7-8263-ac90928c07f9",
	"8d5f4194-888e-4166-a310-9c23f72a33f6",
	"8f947c09-6425-4539-8f22-77b0a18f10dd",
	"62777be7-b81c-4136-8b4b-ed753f88e7d5",
	"00000000-0000-0000-0000-000000000000");
INSERT INTO SM_TAH
	VALUES ("14ccccbe-1c75-45e9-a73d-0f2a147a2276",
	"8d5f4194-888e-4166-a310-9c23f72a33f6",
	"9611b9e8-5d41-4fd7-8263-ac90928c07f9");
INSERT INTO SM_AH
	VALUES ("14ccccbe-1c75-45e9-a73d-0f2a147a2276",
	"8d5f4194-888e-4166-a310-9c23f72a33f6");
INSERT INTO SM_ACT
	VALUES ("14ccccbe-1c75-45e9-a73d-0f2a147a2276",
	"8d5f4194-888e-4166-a310-9c23f72a33f6",
	1,
	'',
	'',
	0);
INSERT INTO ACT_TAB
	VALUES ("773b69c7-7596-400c-8e87-15a7e3733a67",
	"8d5f4194-888e-4166-a310-9c23f72a33f6",
	"14ccccbe-1c75-45e9-a73d-0f2a147a2276");
INSERT INTO ACT_ACT
	VALUES ("773b69c7-7596-400c-8e87-15a7e3733a67",
	'transition',
	0,
	"9c98455b-9eb4-4178-b479-a526495e9e38",
	"00000000-0000-0000-0000-000000000000",
	0,
	'Flasher1: StartUp',
	"00000000-0000-0000-0000-000000000000");
INSERT INTO ACT_BLK
	VALUES ("9c98455b-9eb4-4178-b479-a526495e9e38",
	0,
	0,
	0,
	'',
	'',
	'',
	0,
	0,
	0,
	0,
	0,
	0,
	0,
	0,
	0,
	0,
	0,
	0,
	0,
	"773b69c7-7596-400c-8e87-15a7e3733a67",
	"00000000-0000-0000-0000-000000000000");
INSERT INTO SM_TXN
	VALUES ("9611b9e8-5d41-4fd7-8263-ac90928c07f9",
	"8d5f4194-888e-4166-a310-9c23f72a33f6",
	"40768feb-3fd3-4529-bcfc-b85f3bf8abf7",
	"00000000-0000-0000-0000-000000000000");
INSERT INTO SM_NSTXN
	VALUES ("f77ebabf-6945-4300-993b-4ef74e2b1fad",
	"8d5f4194-888e-4166-a310-9c23f72a33f6",
	"40768feb-3fd3-4529-bcfc-b85f3bf8abf7",
	"dd065bc5-0676-4056-bdb0-adb23537e945",
	"00000000-0000-0000-0000-000000000000");
INSERT INTO SM_TAH
	VALUES ("5895f29e-37ed-42b5-a02a-7a615009292b",
	"8d5f4194-888e-4166-a310-9c23f72a33f6",
	"f77ebabf-6945-4300-993b-4ef74e2b1fad");
INSERT INTO SM_AH
	VALUES ("5895f29e-37ed-42b5-a02a-7a615009292b",
	"8d5f4194-888e-4166-a310-9c23f72a33f6");
INSERT INTO SM_ACT
	VALUES ("5895f29e-37ed-42b5-a02a-7a615009292b",
	"8d5f4194-888e-4166-a310-9c23f72a33f6",
	1,
	'',
	'',
	0);
INSERT INTO ACT_TAB
	VALUES ("fc04b2a9-18ff-4b85-b39f-e92b54ee3f93",
	"8d5f4194-888e-4166-a310-9c23f72a33f6",
	"5895f29e-37ed-42b5-a02a-7a615009292b");
INSERT INTO ACT_ACT
	VALUES ("fc04b2a9-18ff-4b85-b39f-e92b54ee3f93",
	'transition',
	0,
	"8b53f61f-48a6-4a67-9944-b3b1ba24da62",
	"00000000-0000-0000-0000-000000000000",
	0,
	'Flasher2: TimePass',
	"00000000-0000-0000-0000-000000000000");
INSERT INTO ACT_BLK
	VALUES ("8b53f61f-48a6-4a67-9944-b3b1ba24da62",
	0,
	0,
	0,
	'',
	'',
	'',
	0,
	0,
	0,
	0,
	0,
	0,
	0,
	0,
	0,
	0,
	0,
	0,
	0,
	"fc04b2a9-18ff-4b85-b39f-e92b54ee3f93",
	"00000000-0000-0000-0000-000000000000");
INSERT INTO SM_TXN
	VALUES ("f77ebabf-6945-4300-993b-4ef74e2b1fad",
	"8d5f4194-888e-4166-a310-9c23f72a33f6",
	"6e493c17-5ec3-4e80-90e1-f77315fbe088",
	"00000000-0000-0000-0000-000000000000");
INSERT INTO SM_NSTXN
	VALUES ("3a3b69a1-ce5d-4b48-be10-9b5e092f77dd",
	"8d5f4194-888e-4166-a310-9c23f72a33f6",
	"6e493c17-5ec3-4e80-90e1-f77315fbe088",
	"dd065bc5-0676-4056-bdb0-adb23537e945",
	"00000000-0000-0000-0000-000000000000");
INSERT INTO SM_TAH
	VALUES ("90049a76-5e4c-46be-895d-3e5fc71c64ba",
	"8d5f4194-888e-4166-a310-9c23f72a33f6",
	"3a3b69a1-ce5d-4b48-be10-9b5e092f77dd");
INSERT INTO SM_AH
	VALUES ("90049a76-5e4c-46be-895d-3e5fc71c64ba",
	"8d5f4194-888e-4166-a310-9c23f72a33f6");
INSERT INTO SM_ACT
	VALUES ("90049a76-5e4c-46be-895d-3e5fc71c64ba",
	"8d5f4194-888e-4166-a310-9c23f72a33f6",
	1,
	'',
	'',
	0);
INSERT INTO ACT_TAB
	VALUES ("7f45d665-4354-452e-a0b8-f7e68228ccf2",
	"8d5f4194-888e-4166-a310-9c23f72a33f6",
	"90049a76-5e4c-46be-895d-3e5fc71c64ba");
INSERT INTO ACT_ACT
	VALUES ("7f45d665-4354-452e-a0b8-f7e68228ccf2",
	'transition',
	0,
	"725ef566-4f78-4e17-ba23-5999ffbe44d3",
	"00000000-0000-0000-0000-000000000000",
	0,
	'Flasher2: TimePass',
	"00000000-0000-0000-0000-000000000000");
INSERT INTO ACT_BLK
	VALUES ("725ef566-4f78-4e17-ba23-5999ffbe44d3",
	0,
	0,
	0,
	'',
	'',
	'',
	0,
	0,
	0,
	0,
	0,
	0,
	0,
	0,
	0,
	0,
	0,
	0,
	0,
	"7f45d665-4354-452e-a0b8-f7e68228ccf2",
	"00000000-0000-0000-0000-000000000000");
INSERT INTO SM_TXN
	VALUES ("3a3b69a1-ce5d-4b48-be10-9b5e092f77dd",
	"8d5f4194-888e-4166-a310-9c23f72a33f6",
	"40768feb-3fd3-4529-bcfc-b85f3bf8abf7",
	"00000000-0000-0000-0000-000000000000");
INSERT INTO PE_PE
	VALUES ("ad8aabe8-98dc-4392-884e-4c87eee17fff",
	1,
	"00000000-0000-0000-0000-000000000000",
	"88296e6c-dbd9-4919-9500-ad1b390005af",
	7);
INSERT INTO EP_PKG
	VALUES ("ad8aabe8-98dc-4392-884e-4c87eee17fff",
	"00000000-0000-0000-0000-000000000000",
	"576bf359-0145-44f1-addb-b09b86f49182",
	'functions',
	'',
	0);
INSERT INTO PE_PE
	VALUES ("3985c06a-f9b7-4721-be7f-e58e8a76bbc9",
	1,
	"ad8aabe8-98dc-4392-884e-4c87eee17fff",
	"00000000-0000-0000-0000-000000000000",
	1);
INSERT INTO S_SYNC
	VALUES ("3985c06a-f9b7-4721-be7f-e58e8a76bbc9",
	"00000000-0000-0000-0000-000000000000",
	'ArduinoTime',
	'',
	'select any led from instances of Flasher;
generate Flasher2:''TimePass'' to led;',
	"ba5eda7a-def5-0000-0000-000000000000",
	1,
	'',
	0);
INSERT INTO ACT_FNB
	VALUES ("3095f428-26e3-4561-935b-83dda40f14e7",
	"3985c06a-f9b7-4721-be7f-e58e8a76bbc9");
INSERT INTO ACT_ACT
	VALUES ("3095f428-26e3-4561-935b-83dda40f14e7",
	'function',
	0,
	"e7dcbcd8-f723-489e-bfbc-034dd0bad03e",
	"00000000-0000-0000-0000-000000000000",
	0,
	'ArduinoTime',
	"00000000-0000-0000-0000-000000000000");
INSERT INTO ACT_BLK
	VALUES ("e7dcbcd8-f723-489e-bfbc-034dd0bad03e",
	1,
	0,
	0,
	'V_VAR.Var_ID',
	'',
	'',
	2,
	1,
	1,
	34,
	0,
	0,
	0,
	0,
	0,
	0,
	0,
	0,
	0,
	"3095f428-26e3-4561-935b-83dda40f14e7",
	"00000000-0000-0000-0000-000000000000");
INSERT INTO ACT_SMT
	VALUES ("37a29627-bf42-4069-89ab-369fbd685239",
	"e7dcbcd8-f723-489e-bfbc-034dd0bad03e",
	"bf0a4ff7-8116-4404-a567-fb2565276f33",
	1,
	1,
	'ArduinoTime line: 1');
INSERT INTO ACT_FIO
	VALUES ("37a29627-bf42-4069-89ab-369fbd685239",
	"6a122db7-18aa-463e-a2c2-fcf292c760ce",
	1,
	'any',
	"db4985a6-0f53-4538-a15a-87f17d0e508f",
	1,
	34);
INSERT INTO ACT_SMT
	VALUES ("bf0a4ff7-8116-4404-a567-fb2565276f33",
	"e7dcbcd8-f723-489e-bfbc-034dd0bad03e",
	"00000000-0000-0000-0000-000000000000",
	2,
	1,
	'ArduinoTime line: 2');
INSERT INTO E_ESS
	VALUES ("bf0a4ff7-8116-4404-a567-fb2565276f33",
	1,
	0,
	2,
	10,
	2,
	19,
	1,
	34,
	0,
	0,
	0,
	0);
INSERT INTO E_GES
	VALUES ("bf0a4ff7-8116-4404-a567-fb2565276f33");
INSERT INTO E_GSME
	VALUES ("bf0a4ff7-8116-4404-a567-fb2565276f33",
	"dd065bc5-0676-4056-bdb0-adb23537e945");
INSERT INTO E_GEN
	VALUES ("bf0a4ff7-8116-4404-a567-fb2565276f33",
	"6a122db7-18aa-463e-a2c2-fcf292c760ce");
INSERT INTO V_VAR
	VALUES ("6a122db7-18aa-463e-a2c2-fcf292c760ce",
	"e7dcbcd8-f723-489e-bfbc-034dd0bad03e",
	'led',
	1,
	"ba5eda7a-def5-0000-0000-000000000008");
INSERT INTO V_INT
	VALUES ("6a122db7-18aa-463e-a2c2-fcf292c760ce",
	0,
	"db4985a6-0f53-4538-a15a-87f17d0e508f");
INSERT INTO PE_PE
	VALUES ("fea1da5d-a612-417f-8dc6-ed2b42a52095",
	1,
	"ad8aabe8-98dc-4392-884e-4c87eee17fff",
	"00000000-0000-0000-0000-000000000000",
	1);
INSERT INTO S_SYNC
	VALUES ("fea1da5d-a612-417f-8dc6-ed2b42a52095",
	"00000000-0000-0000-0000-000000000000",
	'setup',
	'',
	'create object instance led of Flasher;
generate Flasher1:''StartUp'' to led;',
	"ba5eda7a-def5-0000-0000-000000000000",
	1,
	'',
	0);
INSERT INTO ACT_FNB
	VALUES ("a51cf370-7f52-4dd7-bdb5-65cffd588fd7",
	"fea1da5d-a612-417f-8dc6-ed2b42a52095");
INSERT INTO ACT_ACT
	VALUES ("a51cf370-7f52-4dd7-bdb5-65cffd588fd7",
	'function',
	0,
	"0bdc868b-bb0c-4c85-8ff2-b678dbd0553e",
	"00000000-0000-0000-0000-000000000000",
	0,
	'setup',
	"00000000-0000-0000-0000-000000000000");
INSERT INTO ACT_BLK
	VALUES ("0bdc868b-bb0c-4c85-8ff2-b678dbd0553e",
	0,
	0,
	0,
	'V_VAR.Var_ID',
	'',
	'',
	2,
	1,
	1,
	31,
	0,
	0,
	0,
	0,
	0,
	0,
	0,
	0,
	0,
	"a51cf370-7f52-4dd7-bdb5-65cffd588fd7",
	"00000000-0000-0000-0000-000000000000");
INSERT INTO ACT_SMT
	VALUES ("01bfdc06-c88d-4051-b728-35c26fdd9b47",
	"0bdc868b-bb0c-4c85-8ff2-b678dbd0553e",
	"2a31ffc6-5bc4-452f-8a2f-2f419ca1066d",
	1,
	1,
	'setup line: 1');
INSERT INTO ACT_CR
	VALUES ("01bfdc06-c88d-4051-b728-35c26fdd9b47",
	"7fd79791-0489-45ae-bef2-8a43d7fb6a24",
	1,
	"db4985a6-0f53-4538-a15a-87f17d0e508f",
	1,
	31);
INSERT INTO ACT_SMT
	VALUES ("2a31ffc6-5bc4-452f-8a2f-2f419ca1066d",
	"0bdc868b-bb0c-4c85-8ff2-b678dbd0553e",
	"00000000-0000-0000-0000-000000000000",
	2,
	1,
	'setup line: 2');
INSERT INTO E_ESS
	VALUES ("2a31ffc6-5bc4-452f-8a2f-2f419ca1066d",
	1,
	0,
	2,
	10,
	2,
	19,
	1,
	31,
	0,
	0,
	0,
	0);
INSERT INTO E_GES
	VALUES ("2a31ffc6-5bc4-452f-8a2f-2f419ca1066d");
INSERT INTO E_GSME
	VALUES ("2a31ffc6-5bc4-452f-8a2f-2f419ca1066d",
	"62777be7-b81c-4136-8b4b-ed753f88e7d5");
INSERT INTO E_GEN
	VALUES ("2a31ffc6-5bc4-452f-8a2f-2f419ca1066d",
	"7fd79791-0489-45ae-bef2-8a43d7fb6a24");
INSERT INTO V_VAR
	VALUES ("7fd79791-0489-45ae-bef2-8a43d7fb6a24",
	"0bdc868b-bb0c-4c85-8ff2-b678dbd0553e",
	'led',
	1,
	"ba5eda7a-def5-0000-0000-000000000008");
INSERT INTO V_INT
	VALUES ("7fd79791-0489-45ae-bef2-8a43d7fb6a24",
	0,
	"db4985a6-0f53-4538-a15a-87f17d0e508f");
INSERT INTO PE_PE
	VALUES ("ba5eda7a-def5-0000-0000-000000000000",
	1,
	"00000000-0000-0000-0000-000000000000",
	"00000000-0000-0000-0000-000000000000",
	3);
INSERT INTO S_DT
	VALUES ("ba5eda7a-def5-0000-0000-000000000000",
	"00000000-0000-0000-0000-000000000000",
	'void',
	'',
	'');
INSERT INTO S_CDT
	VALUES ("ba5eda7a-def5-0000-0000-000000000000",
	0);
INSERT INTO PE_PE
	VALUES ("ba5eda7a-def5-0000-0000-000000000001",
	1,
	"00000000-0000-0000-0000-000000000000",
	"00000000-0000-0000-0000-000000000000",
	3);
INSERT INTO S_DT
	VALUES ("ba5eda7a-def5-0000-0000-000000000001",
	"00000000-0000-0000-0000-000000000000",
	'boolean',
	'',
	'');
INSERT INTO S_CDT
	VALUES ("ba5eda7a-def5-0000-0000-000000000001",
	1);
INSERT INTO PE_PE
	VALUES ("ba5eda7a-def5-0000-0000-000000000002",
	1,
	"00000000-0000-0000-0000-000000000000",
	"00000000-0000-0000-0000-000000000000",
	3);
INSERT INTO S_DT
	VALUES ("ba5eda7a-def5-0000-0000-000000000002",
	"00000000-0000-0000-0000-000000000000",
	'integer',
	'',
	'');
INSERT INTO S_CDT
	VALUES ("ba5eda7a-def5-0000-0000-000000000002",
	2);
INSERT INTO PE_PE
	VALUES ("ba5eda7a-def5-0000-0000-000000000003",
	1,
	"00000000-0000-0000-0000-000000000000",
	"00000000-0000-0000-0000-000000000000",
	3);
INSERT INTO S_DT
	VALUES ("ba5eda7a-def5-0000-0000-000000000003",
	"00000000-0000-0000-0000-000000000000",
	'real',
	'',
	'');
INSERT INTO S_CDT
	VALUES ("ba5eda7a-def5-0000-0000-000000000003",
	3);
INSERT INTO PE_PE
	VALUES ("ba5eda7a-def5-0000-0000-000000000004",
	1,
	"00000000-0000-0000-0000-000000000000",
	"00000000-0000-0000-0000-000000000000",
	3);
INSERT INTO S_DT
	VALUES ("ba5eda7a-def5-0000-0000-000000000004",
	"00000000-0000-0000-0000-000000000000",
	'string',
	'',
	'');
INSERT INTO S_CDT
	VALUES ("ba5eda7a-def5-0000-0000-000000000004",
	4);
INSERT INTO PE_PE
	VALUES ("ba5eda7a-def5-0000-0000-000000000005",
	1,
	"00000000-0000-0000-0000-000000000000",
	"00000000-0000-0000-0000-000000000000",
	3);
INSERT INTO S_DT
	VALUES ("ba5eda7a-def5-0000-0000-000000000005",
	"00000000-0000-0000-0000-000000000000",
	'unique_id',
	'',
	'');
INSERT INTO S_CDT
	VALUES ("ba5eda7a-def5-0000-0000-000000000005",
	5);
INSERT INTO PE_PE
	VALUES ("ba5eda7a-def5-0000-0000-000000000006",
	1,
	"00000000-0000-0000-0000-000000000000",
	"00000000-0000-0000-0000-000000000000",
	3);
INSERT INTO S_DT
	VALUES ("ba5eda7a-def5-0000-0000-000000000006",
	"00000000-0000-0000-0000-000000000000",
	'state<State_Model>',
	'',
	'');
INSERT INTO S_CDT
	VALUES ("ba5eda7a-def5-0000-0000-000000000006",
	6);
INSERT INTO PE_PE
	VALUES ("ba5eda7a-def5-0000-0000-000000000007",
	1,
	"00000000-0000-0000-0000-000000000000",
	"00000000-0000-0000-0000-000000000000",
	3);
INSERT INTO S_DT
	VALUES ("ba5eda7a-def5-0000-0000-000000000007",
	"00000000-0000-0000-0000-000000000000",
	'same_as<Base_Attribute>',
	'',
	'');
INSERT INTO S_CDT
	VALUES ("ba5eda7a-def5-0000-0000-000000000007",
	7);
INSERT INTO PE_PE
	VALUES ("ba5eda7a-def5-0000-0000-000000000008",
	1,
	"00000000-0000-0000-0000-000000000000",
	"00000000-0000-0000-0000-000000000000",
	3);
INSERT INTO S_DT
	VALUES ("ba5eda7a-def5-0000-0000-000000000008",
	"00000000-0000-0000-0000-000000000000",
	'inst_ref<Object>',
	'',
	'');
INSERT INTO S_CDT
	VALUES ("ba5eda7a-def5-0000-0000-000000000008",
	8);
INSERT INTO PE_PE
	VALUES ("ba5eda7a-def5-0000-0000-000000000009",
	1,
	"00000000-0000-0000-0000-000000000000",
	"00000000-0000-0000-0000-000000000000",
	3);
INSERT INTO S_DT
	VALUES ("ba5eda7a-def5-0000-0000-000000000009",
	"00000000-0000-0000-0000-000000000000",
	'inst_ref_set<Object>',
	'',
	'');
INSERT INTO S_CDT
	VALUES ("ba5eda7a-def5-0000-0000-000000000009",
	9);
INSERT INTO PE_PE
	VALUES ("ba5eda7a-def5-0000-0000-00000000000a",
	1,
	"00000000-0000-0000-0000-000000000000",
	"00000000-0000-0000-0000-000000000000",
	3);
INSERT INTO S_DT
	VALUES ("ba5eda7a-def5-0000-0000-00000000000a",
	"00000000-0000-0000-0000-000000000000",
	'inst<Event>',
	'',
	'');
INSERT INTO S_CDT
	VALUES ("ba5eda7a-def5-0000-0000-00000000000a",
	10);
INSERT INTO PE_PE
	VALUES ("ba5eda7a-def5-0000-0000-00000000000b",
	1,
	"00000000-0000-0000-0000-000000000000",
	"00000000-0000-0000-0000-000000000000",
	3);
INSERT INTO S_DT
	VALUES ("ba5eda7a-def5-0000-0000-00000000000b",
	"00000000-0000-0000-0000-000000000000",
	'inst<Mapping>',
	'',
	'');
INSERT INTO S_CDT
	VALUES ("ba5eda7a-def5-0000-0000-00000000000b",
	11);
INSERT INTO PE_PE
	VALUES ("ba5eda7a-def5-0000-0000-00000000000c",
	1,
	"00000000-0000-0000-0000-000000000000",
	"00000000-0000-0000-0000-000000000000",
	3);
INSERT INTO S_DT
	VALUES ("ba5eda7a-def5-0000-0000-00000000000c",
	"00000000-0000-0000-0000-000000000000",
	'inst_ref<Mapping>',
	'',
	'');
INSERT INTO S_CDT
	VALUES ("ba5eda7a-def5-0000-0000-00000000000c",
	12);
INSERT INTO PE_PE
	VALUES ("ba5eda7a-def5-0000-0000-00000000000d",
	1,
	"00000000-0000-0000-0000-000000000000",
	"00000000-0000-0000-0000-000000000000",
	3);
INSERT INTO S_DT
	VALUES ("ba5eda7a-def5-0000-0000-00000000000d",
	"00000000-0000-0000-0000-000000000000",
	'component_ref',
	'',
	'');
INSERT INTO S_CDT
	VALUES ("ba5eda7a-def5-0000-0000-00000000000d",
	13);
INSERT INTO PE_PE
	VALUES ("ba5eda7a-def5-0000-0000-00000000000e",
	1,
	"00000000-0000-0000-0000-000000000000",
	"00000000-0000-0000-0000-000000000000",
	3);
INSERT INTO S_DT
	VALUES ("ba5eda7a-def5-0000-0000-00000000000e",
	"00000000-0000-0000-0000-000000000000",
	'date',
	'',
	'');
INSERT INTO S_UDT
	VALUES ("ba5eda7a-def5-0000-0000-00000000000e",
	"ba5eda7a-def5-0000-0000-00000000000b",
	1,
	'');
INSERT INTO PE_PE
	VALUES ("ba5eda7a-def5-0000-0000-00000000000f",
	1,
	"00000000-0000-0000-0000-000000000000",
	"00000000-0000-0000-0000-000000000000",
	3);
INSERT INTO S_DT
	VALUES ("ba5eda7a-def5-0000-0000-00000000000f",
	"00000000-0000-0000-0000-000000000000",
	'inst_ref<Timer>',
	'',
	'');
INSERT INTO S_UDT
	VALUES ("ba5eda7a-def5-0000-0000-00000000000f",
	"ba5eda7a-def5-0000-0000-00000000000c",
	3,
	'');
INSERT INTO PE_PE
	VALUES ("ba5eda7a-def5-0000-0000-000000000010",
	1,
	"00000000-0000-0000-0000-000000000000",
	"00000000-0000-0000-0000-000000000000",
	3);
INSERT INTO S_DT
	VALUES ("ba5eda7a-def5-0000-0000-000000000010",
	"00000000-0000-0000-0000-000000000000",
	'timestamp',
	'',
	'');
INSERT INTO S_UDT
	VALUES ("ba5eda7a-def5-0000-0000-000000000010",
	"ba5eda7a-def5-0000-0000-000000000002",
	2,
	'');
